Count,IP_Address,IP_Address_Integer
29005,"63.160.106.254",1067477758
998,"70.35.196.129",1176749185
757,"68.193.31.223",1153507295
698,"98.233.224.22",1659494422
628,"66.235.124.132",1122729092
591,"65.216.225.34",1104732450
565,"74.107.117.142",1248556430
553,"108.3.180.102",1812182118
547,"65.111.73.143",1097812367
498,"71.166.13.119",1202064759
481,"67.131.130.13",1132691981
477,"69.250.29.214",1174019542
474,"173.79.52.98",2907649122
431,"96.234.184.212",1625995476
427,"65.111.76.4",1097812996
419,"173.69.197.156",2907030940
393,"198.99.32.5",3328385029
386,"71.166.91.180",1202084788
380,"69.251.144.10",1174114314
378,"69.255.194.47",1174389295
376,"216.158.0.100",3634233444
375,"178.63.50.145",2990486161
374,"98.233.201.249",1659488761
371,"68.33.68.105",1143030889
365,"71.179.198.174",1202964142
365,"24.35.83.56",404968248
354,"98.204.222.216",1657593560
354,"76.235.204.95",1290521695
342,"98.204.104.208",1657563344
326,"69.140.136.210",1166837970
320,"74.103.36.138",1248273546
311,"68.171.231.19",1152116499
305,"38.99.96.101",644046949
296,"67.195.111.167",1136881575
293,"65.111.73.50",1097812274
292,"75.94.93.147",1264475539
290,"70.22.1.76",1175847244
289,"75.192.246.196",1270937284
286,"207.59.178.38",3476795942
277,"207.255.179.186",3489641402
277,"71.166.122.122",1202092666
269,"76.100.62.182",1281638070
268,"173.13.250.17",2903374353
265,"38.101.36.70",644162630
260,"70.109.65.17",1181565201
256,"67.233.48.246",1139355894
237,"96.244.46.146",1626615442
235,"71.179.98.2",1202938370
235,"69.140.200.85",1166854229
229,"65.210.63.19",1104297747
228,"71.200.74.24",1204308504
227,"148.177.0.100",2494627940
226,"68.33.106.229",1143040741
225,"173.79.152.13",2907674637
225,"71.213.200.174",1205192878
224,"76.100.6.92",1281623644
224,"71.246.64.171",1207320747
223,"67.83.46.37",1129524773
222,"108.3.243.249",1812198393
222,"69.171.168.180",1168877748
221,"72.81.204.114",1213320306
220,"173.75.170.208",2907417296
220,"98.192.255.38",1656815398
220,"76.100.77.20",1281641748
220,"71.166.66.230",1202078438
220,"66.188.251.201",1119681481
219,"167.102.229.77",2808538445
217,"209.135.35.83",3515294547
217,"68.54.174.115",1144434291
216,"98.237.108.170",1659727018
215,"209.169.211.116",3517567860
215,"98.233.116.173",1659466925
215,"69.250.177.84",1174057300
214,"216.214.93.242",3637927410
214,"174.49.223.2",2922503938
214,"151.196.187.204",2546252748
214,"98.117.47.39",1651846951
214,"96.234.194.207",1625998031
214,"96.234.184.210",1625995474
214,"76.100.102.36",1281648164
214,"76.100.3.20",1281622804
214,"71.206.25.34",1204689186
214,"71.23.215.232",1192744936
214,"68.55.78.56",1144475192
214,"68.33.173.118",1143057782
214,"68.33.69.253",1143031293
214,"66.177.166.175",1118938799
213,"204.156.24.239",3432782063
213,"98.233.134.69",1659471429
213,"69.255.118.66",1174369858
213,"68.50.70.66",1144145474
212,"69.137.234.98",1166666338
212,"67.234.69.191",1139426751
212,"65.111.72.61",1097812029
211,"96.234.234.230",1626008294
207,"206.205.249.5",3469605125
207,"98.204.254.246",1657601782
207,"74.193.105.214",1254189526
207,"68.188.135.34",1153206050
207,"68.46.88.8",1143887880
206,"98.154.156.142",1654299790
206,"74.166.245.189",1252455869
205,"68.55.81.98",1144476002
202,"121.222.126.100",2044624484
199,"63.80.166.126",1062250110
198,"71.173.99.79",1202545487
198,"24.2.114.64",402813504
197,"208.138.16.216",3498709208
197,"184.1.72.84",3087091796
197,"70.251.108.196",1190882500
196,"173.75.182.226",2907420386
196,"74.106.230.30",1248519710
195,"98.113.159.52",1651613492
195,"76.104.247.146",1281947538
195,"71.214.108.34",1205234722
194,"202.173.160.70",3400376390
194,"166.137.136.177",2794031281
193,"70.230.165.127",1189520767
192,"69.244.234.80",1173678672
191,"173.79.132.59",2907669563
191,"99.248.204.48",1677249584
191,"66.249.71.200",1123633096
190,"202.62.85.173",3393082797
190,"165.68.31.67",2772705091
189,"173.19.158.224",2903744224
189,"91.107.169.215",1533782487
189,"86.172.181.195",1454159299
189,"86.6.68.143",1443251343
189,"75.32.34.84",1260397140
189,"71.202.248.14",1204484110
189,"71.105.50.245",1198076661
189,"68.55.213.113",1144509809
188,"174.100.11.163",2925792163
188,"120.21.230.250",2014701306
188,"108.12.90.23",1812748823
188,"99.63.187.85",1665121109
188,"98.231.83.243",1659327475
188,"98.218.65.39",1658470695
188,"98.215.249.143",1658321295
188,"98.199.217.2",1657264386
188,"98.196.98.250",1657037562
188,"96.42.65.254",1613382142
188,"88.108.20.21",1483478037
188,"86.45.130.188",1445823164
188,"76.237.177.37",1290645797
188,"76.102.95.135",1281777543
188,"76.22.70.226",1276528354
188,"74.185.69.83",1253655891
188,"74.140.16.89",1250693209
188,"72.220.93.82",1222401362
188,"69.181.200.144",1169541264
188,"67.251.17.107",1140527467
188,"67.161.57.241",1134639601
188,"67.86.14.150",1129713302
188,"66.75.14.127",1112215167
188,"24.192.89.111",415258991
188,"24.124.43.13",410790669
188,"24.60.153.187",406624699
187,"166.205.13.202",2798456266
187,"98.15.189.69",1645198661
187,"69.246.252.233",1173814505
186,"68.112.117.203",1148220875
186,"24.112.146.81",410030673
186,"12.159.172.179",211791027
185,"90.200.33.124",1523065212
185,"69.140.26.161",1166809761
184,"74.99.65.139",1248018827
184,"68.8.232.232",1141434600
184,"38.114.82.101",645026405
183,"193.77.233.242",3243108850
183,"76.114.175.128",1282584448
173,"108.3.230.195",1812195011
164,"173.13.234.17",2903370257
164,"112.205.86.128",1892505216
164,"70.21.123.87",1175812951
163,"68.49.64.244",1144078580
162,"38.99.96.202",644047050
161,"68.49.201.184",1144113592
160,"69.143.64.16",1167015952
160,"68.55.61.141",1144470925
159,"173.66.131.31",2906817311
158,"108.25.35.62",1813586750
158,"108.3.206.101",1812188773
158,"108.3.145.131",1812173187
158,"98.233.179.53",1659482933
158,"96.244.146.116",1626641012
158,"96.244.92.247",1626627319
158,"75.197.151.165",1271240613
158,"75.192.37.176",1270883760
158,"74.72.115.108",1246262124
158,"72.81.249.2",1213331714
158,"71.246.85.138",1207326090
158,"68.50.61.155",1144143259
158,"68.33.248.44",1143076908
158,"68.33.215.102",1143068518
158,"68.33.69.37",1143031077
155,"69.88.47.81",1163407185
154,"96.241.162.43",1626448427
154,"68.54.173.95",1144434015
152,"74.100.50.247",1248080631
152,"68.55.221.152",1144511896
147,"122.171.8.113",2058029169
147,"98.204.219.173",1657592749
147,"74.46.216.115",1244584051
146,"75.93.51.193",1264399297
145,"199.253.177.237",3355292141
145,"173.69.153.207",2907019727
145,"173.52.108.223",2905894111
145,"76.116.48.198",1282683078
145,"69.251.219.41",1174133545
145,"69.250.187.230",1174060006
144,"173.64.90.216",2906675928
144,"96.234.187.24",1625996056
144,"76.26.130.127",1276805759
144,"74.103.32.176",1248272560
144,"69.251.145.249",1174114809
144,"69.136.238.189",1166601917
144,"68.49.200.88",1144113240
143,"206.53.153.134",3459619206
143,"184.199.16.155",3100053659
143,"173.18.146.111",2903675503
143,"98.218.48.214",1658466518
143,"71.206.30.148",1204690580
142,"68.49.141.208",1144098256
141,"205.215.251.46",3453483822
141,"71.228.215.137",1206179721
141,"71.179.150.127",1202951807
141,"69.244.76.35",1173638179
141,"68.227.123.190",1155759038
141,"67.142.170.25",1133423129
140,"222.154.152.15",3734673423
140,"208.95.69.49",3495904561
140,"184.59.145.11",3090911499
140,"98.116.89.159",1651792287
140,"76.100.101.46",1281647918
140,"71.166.107.3",1202088707
140,"71.166.76.219",1202080987
140,"69.243.13.145",1173556625
140,"69.62.129.42",1161724202
139,"208.81.216.8",3495024648
137,"98.204.213.23",1657591063
137,"76.123.7.105",1283131241
136,"67.195.112.157",1136881821
135,"68.33.26.237",1143020269
135,"67.195.114.54",1136882230
134,"69.251.56.87",1174091863
134,"69.140.185.241",1166850545
133,"173.64.74.9",2906671625
133,"76.118.10.63",1282804287
132,"70.178.240.17",1186131985
132,"65.37.53.228",1092957668
131,"109.211.16.143",1842548879
130,"162.129.251.25",2726427417
130,"98.220.119.122",1658615674
130,"71.179.83.217",1202934745
129,"204.194.77.3",3435285763
129,"190.131.53.87",3196269911
129,"173.69.167.111",2907023215
129,"91.93.47.170",1532833706
129,"79.179.121.56",1337162040
129,"76.95.163.73",1281336137
129,"71.174.177.136",1202631048
129,"68.49.114.37",1144091173
129,"68.13.65.80",1141719376
128,"76.84.120.195",1280604355
128,"70.167.158.162",1185390242
128,"65.241.18.25",1106317849
125,"24.140.170.185",411871929
124,"108.3.210.248",1812189944
120,"68.171.234.185",1152117433
119,"208.54.35.88",3493208920
119,"75.195.4.252",1271071996
119,"71.126.191.122",1199488890
118,"70.121.229.19",1182393619
117,"97.102.104.77",1634101325
115,"166.216.130.77",2799206989
113,"202.75.83.213",3393934293
113,"122.183.250.178",2058877618
109,"162.119.68.249",2725725433
108,"208.54.35.89",3493208921
108,"208.54.35.44",3493208876
108,"173.59.244.64",2906387520
105,"71.179.158.125",1202953853
97,"97.73.64.147",1632190611
89,"66.249.71.57",1123632953
87,"208.115.111.246",3497226230
87,"71.166.3.50",1202062130
85,"134.192.81.194",2260750786
84,"12.169.18.97",212406881
83,"206.255.27.23",3472825111
83,"98.233.53.105",1659450729
83,"72.23.70.21",1209484821
83,"69.243.12.175",1173556399
82,"173.13.218.45",2903366189
82,"96.244.141.19",1626639635
81,"173.67.58.26",2906864154
81,"75.197.95.252",1271226364
80,"208.103.134.205",3496445645
80,"207.216.129.94",3487072606
80,"173.69.192.140",2907029644
80,"173.67.57.83",2906863955
80,"173.67.36.236",2906858732
80,"173.10.139.205",2903149517
80,"162.129.251.56",2726427448
80,"151.196.52.184",2546218168
80,"98.233.65.4",1659453700
80,"98.233.52.175",1659450543
80,"98.140.233.18",1653401874
80,"96.234.234.116",1626008180
80,"75.67.1.109",1262682477
80,"74.106.86.231",1248483047
80,"74.92.131.161",1247576993
80,"71.245.170.143",1207282319
80,"69.143.116.98",1167029346
80,"68.50.219.78",1144183630
80,"68.49.156.118",1144102006
80,"24.126.73.68",410929476
80,"24.84.54.214",408172246
79,"173.124.4.41",2910585897
79,"173.69.200.114",2907031666
79,"166.203.156.15",2798361615
79,"114.56.165.17",1916314897
79,"108.3.164.18",1812177938
79,"98.233.43.69",1659448133
79,"98.204.75.135",1657555847
79,"97.90.239.130",1633349506
79,"96.244.233.242",1626663410
79,"96.240.221.224",1626398176
79,"96.234.193.58",1625997626
79,"76.114.136.27",1282574363
79,"76.111.94.208",1282367184
79,"76.100.98.132",1281647236
79,"76.21.144.197",1276481733
79,"75.202.159.93",1271570269
79,"75.192.76.238",1270893806
79,"74.243.232.10",1257498634
79,"74.103.103.176",1248290736
79,"72.81.215.186",1213323194
79,"72.45.26.2",1210915330
79,"71.214.227.238",1205265390
79,"71.191.40.158",1203710110
79,"70.22.22.56",1175852600
79,"70.22.18.127",1175851647
79,"69.255.110.147",1174367891
79,"69.143.97.89",1167024473
79,"69.97.211.48",1164038960
79,"68.55.98.89",1144480345
79,"68.55.80.203",1144475851
79,"66.240.13.9",1123028233
79,"66.173.185.110",1118681454
79,"64.29.240.12",1075703820
79,"24.171.165.2",413902082
78,"173.66.149.228",2906822116
78,"173.64.117.7",2906682631
78,"122.162.33.126",2057445758
78,"98.117.43.59",1651845947
78,"96.234.153.32",1625987360
78,"75.167.114.1",1269264897
78,"72.109.70.13",1215120909
78,"69.237.93.16",1173183760
78,"68.33.27.253",1143020541
78,"66.233.228.31",1122624543
78,"65.100.7.206",1097074638
77,"96.244.66.91",1626620507
77,"24.35.51.115",404960115
76,"208.54.35.47",3493208879
76,"178.63.49.139",2990485899
76,"125.165.79.186",2107985850
76,"88.210.244.51",1490220083
75,"96.234.245.98",1626010978
75,"67.60.38.179",1128015539
75,"66.176.89.229",1118853605
74,"208.54.35.91",3493208923
74,"184.33.6.119",3089172087
74,"68.48.46.132",1144008324
74,"66.16.82.237",1108366061
74,"24.190.1.223",415105503
73,"219.99.129.158",3680731550
73,"151.196.166.120",2546247288
73,"75.42.76.236",1261063404
73,"24.126.69.92",410928476
68,"74.46.215.57",1244583737
67,"208.74.33.122",3494519162
67,"74.106.232.243",1248520435
66,"74.103.83.17",1248285457
66,"69.138.175.21",1166716693
65,"147.126.170.34",2474551842
65,"113.162.162.232",1906483944
65,"98.232.187.114",1659419506
65,"72.40.98.165",1210606245
65,"68.38.180.95",1143387231
64,"173.79.235.234",2907696106
64,"134.192.250.13",2260793869
64,"98.233.189.243",1659485683
64,"71.200.136.45",1204324397
63,"72.81.255.103",1213333351
63,"71.132.128.78",1199865934
61,"178.63.49.141",2990485901
61,"166.203.106.121",2798348921
60,"68.55.59.60",1144470332
59,"173.69.172.105",2907024489
59,"173.59.241.109",2906386797
59,"98.221.49.64",1658663232
59,"74.131.33.147",1250107795
58,"116.93.137.173",1952287149
58,"115.132.87.132",1938052996
56,"170.29.32.3",2854035459
56,"137.191.240.98",2311057506
56,"121.45.204.1",2033044481
56,"76.111.189.97",1282391393
55,"173.175.168.69",2913970245
53,"108.3.185.105",1812183401
49,"67.142.168.26",1133422618
43,"24.126.64.21",410927125
42,"178.154.163.29",2996478749
38,"69.255.160.171",1174380715
34,"209.51.162.219",3509822171
34,"96.234.234.205",1626008269
34,"68.50.70.73",1144145481
33,"32.179.236.68",548662340
32,"67.80.78.25",1129336345
31,"121.54.97.244",2033607156
30,"199.173.225.25",3350061337
25,"66.185.0.228",1119420644
25,"65.116.17.162",1098125730
24,"69.4.199.48",1157941040
24,"67.20.168.241",1125427441
24,"66.219.58.43",1121663531
23,"207.46.12.168",3475901608
23,"69.255.89.246",1174362614
23,"59.56.108.111",993553519
22,"207.46.12.203",3475901643
22,"184.19.129.197",3088286149
22,"178.63.50.130",2990486146
21,"194.44.92.194",3257687234
19,"65.55.37.183",1094133175
18,"66.235.124.11",1122728971
17,"72.30.161.236",1209967084
17,"67.152.29.130",1134042498
15,"209.196.3.210",3519284178
15,"72.102.67.101",1214661477
15,"24.153.124.78",412712014
14,"207.46.199.198",3475949510
14,"24.145.74.94",412174942
13,"61.135.249.242",1032321522
12,"216.185.25.243",3636009459
12,"65.52.104.42",1093953578
11,"122.172.118.102",2058122854
11,"12.159.169.4",211790084
10,"209.99.19.8",3512931080
10,"166.137.138.126",2794031742
10,"112.118.15.166",1886785446
10,"98.204.218.15",1657592335
10,"68.48.245.218",1144059354
10,"64.233.172.6",1089055750
10,"60.240.249.218",1022425562
10,"8.11.2.10",134939146
9,"207.46.199.26",3475949338
9,"74.102.30.7",1248206343
9,"74.96.12.253",1247808765
8,"207.46.199.193",3475949505
8,"204.116.215.48",3430209328
8,"173.66.7.21",2906785557
8,"85.186.255.233",1438318569
8,"74.125.75.1",1249725185
7,"218.6.2.230",3657827046
7,"178.151.17.238",2996244974
7,"65.215.51.113",1104622449
6,"216.220.216.194",3638352066
6,"207.46.204.243",3475950835
6,"207.46.199.179",3475949491
6,"184.73.82.101",3091812965
5,"216.220.216.183",3638352055
5,"207.46.199.185",3475949497
5,"207.46.199.55",3475949367
5,"207.46.13.41",3475901737
5,"80.190.132.35",1354662947
5,"80.141.63.69",1351434053
5,"69.250.42.63",1174022719
5,"66.235.124.54",1122729014
5,"12.110.112.254",208564478
4,"216.220.216.200",3638352072
4,"216.220.216.181",3638352053
4,"216.220.216.156",3638352028
4,"216.220.216.155",3638352027
4,"216.220.216.153",3638352025
4,"208.54.35.37",3493208869
4,"207.46.204.193",3475950785
4,"207.46.204.190",3475950782
4,"207.46.199.199",3475949511
4,"207.46.199.184",3475949496
4,"207.46.195.223",3475948511
4,"207.46.13.89",3475901785
4,"207.46.13.51",3475901747
4,"207.46.13.50",3475901746
4,"200.29.139.66",3357379394
4,"195.42.102.21",3274335765
4,"70.16.13.61",1175457085
4,"69.143.152.125",1167038589
4,"68.50.144.128",1144164480
4,"68.48.253.13",1144061197
4,"66.235.124.6",1122728966
4,"65.55.37.190",1094133182
3,"220.181.94.231",3702873831
3,"216.220.216.209",3638352081
3,"216.220.216.204",3638352076
3,"216.220.216.196",3638352068
3,"216.220.216.193",3638352065
3,"216.220.216.173",3638352045
3,"216.220.216.164",3638352036
3,"216.220.216.159",3638352031
3,"208.61.250.70",3493722694
3,"207.46.204.185",3475950777
3,"207.46.204.182",3475950774
3,"207.46.204.177",3475950769
3,"207.46.204.19",3475950611
3,"207.46.199.178",3475949490
3,"207.46.199.54",3475949366
3,"207.46.199.51",3475949363
3,"207.46.195.241",3475948529
3,"207.46.195.236",3475948524
3,"207.46.195.234",3475948522
3,"207.46.13.137",3475901833
3,"207.46.13.132",3475901828
3,"207.46.13.99",3475901795
3,"207.46.13.96",3475901792
3,"207.46.13.91",3475901787
3,"207.46.13.84",3475901780
3,"207.46.13.52",3475901748
3,"207.46.13.44",3475901740
3,"207.46.12.237",3475901677
3,"184.73.114.248",3091821304
3,"173.67.19.186",2906854330
3,"169.200.215.36",2848511780
3,"123.125.66.92",2071806556
3,"123.125.66.80",2071806544
3,"123.125.66.65",2071806529
3,"108.12.169.223",1812769247
3,"67.71.28.134",1128733830
3,"66.249.71.121",1123633017
3,"65.242.84.75",1106400331
3,"65.55.37.193",1094133185
3,"65.52.108.60",1093954620
3,"63.65.186.70",1061272134
2,"216.220.216.208",3638352080
2,"216.220.216.171",3638352043
2,"216.220.216.169",3638352041
2,"216.220.216.162",3638352034
2,"216.220.216.160",3638352032
2,"216.220.216.158",3638352030
2,"208.80.194.35",3494953507
2,"207.46.204.242",3475950834
2,"207.46.204.237",3475950829
2,"207.46.204.233",3475950825
2,"207.46.204.229",3475950821
2,"207.46.204.188",3475950780
2,"207.46.204.186",3475950778
2,"207.46.204.184",3475950776
2,"207.46.204.181",3475950773
2,"207.46.204.180",3475950772
2,"207.46.199.223",3475949535
2,"207.46.199.200",3475949512
2,"207.46.199.183",3475949495
2,"207.46.199.48",3475949360
2,"207.46.199.45",3475949357
2,"207.46.199.44",3475949356
2,"207.46.199.40",3475949352
2,"207.46.199.39",3475949351
2,"207.46.195.242",3475948530
2,"207.46.195.235",3475948523
2,"207.46.195.229",3475948517
2,"207.46.195.227",3475948515
2,"207.46.195.225",3475948513
2,"207.46.195.107",3475948395
2,"207.46.195.105",3475948393
2,"207.46.194.134",3475948166
2,"207.46.13.146",3475901842
2,"207.46.13.145",3475901841
2,"207.46.13.142",3475901838
2,"207.46.13.134",3475901830
2,"207.46.13.131",3475901827
2,"207.46.13.101",3475901797
2,"207.46.13.95",3475901791
2,"207.46.13.86",3475901782
2,"207.46.13.53",3475901749
2,"207.46.13.47",3475901743
2,"207.46.13.45",3475901741
2,"207.46.12.241",3475901681
2,"207.46.12.240",3475901680
2,"207.46.12.239",3475901679
2,"207.46.12.236",3475901676
2,"205.254.147.8",3456013064
2,"205.143.152.40",3448739880
2,"199.173.225.33",3350061345
2,"195.153.53.130",3281597826
2,"195.122.230.254",3279611646
2,"174.129.228.67",2927748163
2,"170.232.128.10",2867363850
2,"162.83.52.24",2723361816
2,"146.145.179.66",2459022146
2,"124.115.1.8",2087911688
2,"124.115.0.27",2087911451
2,"123.125.66.130",2071806594
2,"123.125.66.129",2071806593
2,"123.125.66.123",2071806587
2,"123.125.66.63",2071806527
2,"123.125.66.58",2071806522
2,"97.119.104.75",1635215435
2,"92.243.18.248",1559433976
2,"91.194.90.175",1539463855
2,"84.177.58.229",1420901093
2,"75.112.155.86",1265670998
2,"74.107.97.181",1248551349
2,"72.63.220.35",1212144675
2,"72.29.201.10",1209911562
2,"69.14.76.246",1158565110
2,"68.142.243.60",1150219068
2,"67.195.37.167",1136862631
2,"66.249.85.1",1123636481
2,"66.249.71.165",1123633061
2,"66.235.124.59",1122729019
2,"65.55.37.192",1094133184
2,"65.55.37.191",1094133183
2,"65.52.53.243",1093940723
2,"65.52.51.179",1093940147
2,"65.52.49.77",1093939533
2,"65.52.49.75",1093939531
2,"61.135.249.221",1032321501
2,"58.61.164.139",977118347
2,"20.132.68.147",344212627
1,"220.181.7.85",3702851413
1,"220.181.7.61",3702851389
1,"216.220.217.156",3638352284
1,"216.220.216.205",3638352077
1,"216.220.216.198",3638352070
1,"216.220.216.180",3638352052
1,"216.220.216.168",3638352040
1,"216.220.216.165",3638352037
1,"216.220.216.152",3638352024
1,"216.18.169.17",3625101585
1,"208.109.236.159",3496864927
1,"208.80.194.36",3494953508
1,"208.80.194.31",3494953503
1,"207.241.227.86",3488736086
1,"207.46.204.244",3475950836
1,"207.46.204.241",3475950833
1,"207.46.204.239",3475950831
1,"207.46.204.238",3475950830
1,"207.46.204.236",3475950828
1,"207.46.204.235",3475950827
1,"207.46.204.234",3475950826
1,"207.46.204.232",3475950824
1,"207.46.204.231",3475950823
1,"207.46.204.230",3475950822
1,"207.46.204.227",3475950819
1,"207.46.204.196",3475950788
1,"207.46.204.195",3475950787
1,"207.46.204.192",3475950784
1,"207.46.204.191",3475950783
1,"207.46.204.187",3475950779
1,"207.46.204.179",3475950771
1,"207.46.199.201",3475949513
1,"207.46.199.191",3475949503
1,"207.46.199.177",3475949489
1,"207.46.199.50",3475949362
1,"207.46.199.49",3475949361
1,"207.46.199.47",3475949359
1,"207.46.199.43",3475949355
1,"207.46.199.37",3475949349
1,"207.46.195.240",3475948528
1,"207.46.195.239",3475948527
1,"207.46.195.233",3475948521
1,"207.46.195.230",3475948518
1,"207.46.195.228",3475948516
1,"207.46.195.106",3475948394
1,"207.46.13.141",3475901837
1,"207.46.13.138",3475901834
1,"207.46.13.136",3475901832
1,"207.46.13.133",3475901829
1,"207.46.13.100",3475901796
1,"207.46.13.98",3475901794
1,"207.46.13.94",3475901790
1,"207.46.13.93",3475901789
1,"207.46.13.88",3475901784
1,"207.46.13.87",3475901783
1,"207.46.13.85",3475901781
1,"207.46.13.49",3475901745
1,"207.46.13.48",3475901744
1,"207.46.13.46",3475901742
1,"207.46.12.238",3475901678
1,"200.41.127.118",3358162806
1,"193.47.80.43",3241103403
1,"190.196.11.130",3200519042
1,"186.36.8.153",3122923673
1,"175.144.97.18",2945474834
1,"174.129.186.246",2927737590
1,"173.192.34.95",2915050079
1,"173.67.9.219",2906851803
1,"173.61.206.174",2906508974
1,"173.10.145.98",2903150946
1,"169.130.18.10",2843873802
1,"168.137.100.28",2827576348
1,"165.125.144.131",2776469635
1,"162.119.240.100",2725769316
1,"162.24.9.213",2719484373
1,"158.73.247.16",2655647504
1,"151.197.122.215",2546301655
1,"143.56.37.234",2402821610
1,"138.88.48.208",2321035472
1,"137.200.0.109",2311585901
1,"134.214.81.65",2262192449
1,"134.58.253.55",2252012855
1,"128.220.160.6",2161942534
1,"125.230.95.238",2112249838
1,"125.131.95.22",2105761558
1,"124.115.6.12",2087912972
1,"124.115.4.196",2087912644
1,"124.115.1.7",2087911687
1,"124.115.0.162",2087911586
1,"123.125.66.134",2071806598
1,"123.125.66.131",2071806595
1,"123.125.66.127",2071806591
1,"123.125.66.126",2071806590
1,"123.125.66.124",2071806588
1,"123.125.66.121",2071806585
1,"123.125.66.114",2071806578
1,"123.125.66.103",2071806567
1,"123.125.66.97",2071806561
1,"123.125.66.93",2071806557
1,"123.125.66.89",2071806553
1,"123.125.66.87",2071806551
1,"123.125.66.85",2071806549
1,"123.125.66.82",2071806546
1,"123.125.66.79",2071806543
1,"123.125.66.77",2071806541
1,"123.125.66.67",2071806531
1,"123.125.66.66",2071806530
1,"123.125.66.64",2071806528
1,"123.125.66.62",2071806526
1,"123.125.66.42",2071806506
1,"123.125.66.37",2071806501
1,"122.172.121.116",2058123636
1,"121.247.79.3",2046250755
1,"121.138.194.106",2039136874
1,"119.63.198.106",2000668266
1,"119.63.198.57",2000668217
1,"119.63.198.47",2000668207
1,"119.63.198.31",2000668191
1,"119.63.198.23",2000668183
1,"119.63.198.18",2000668178
1,"119.63.193.56",2000666936
1,"114.56.164.249",1916314873
1,"99.233.154.119",1676253815
1,"93.160.60.23",1570782231
1,"92.30.156.88",1545509976
1,"89.149.244.240",1502999792
1,"88.131.106.8",1485007368
1,"88.131.106.5",1485007365
1,"84.201.11.74",1422461770
1,"78.143.26.110",1318001262
1,"74.6.76.56",1241926712
1,"71.53.208.126",1194709118
1,"69.207.114.102",1171223142
1,"69.102.207.114",1164365682
1,"69.84.146.106",1163170410
1,"68.190.114.233",1153331945
1,"68.171.231.22",1152116502
1,"68.76.122.119",1145862775
1,"68.50.3.22",1144128278
1,"67.228.100.138",1139041418
1,"67.202.2.96",1137312352
1,"66.249.71.226",1123633122
1,"66.249.71.89",1123632985
1,"66.235.124.58",1122729018
1,"66.235.124.57",1122729017
1,"66.235.124.56",1122729016
1,"65.202.235.140",1103817612
1,"65.195.225.186",1103356346
1,"65.55.67.215",1094140887
1,"65.52.108.59",1093954619
1,"65.52.53.244",1093940724
1,"65.52.51.178",1093940146
1,"65.52.49.141",1093939597
1,"65.52.49.76",1093939532
1,"64.182.124.219",1085701339
1,"64.12.117.66",1074558274
1,"64.12.117.9",1074558217
1,"64.12.116.201",1074558153
1,"64.12.116.144",1074558096
1,"64.12.116.18",1074557970
1,"64.12.116.7",1074557959
1,"63.138.164.123",1066050683
1,"63.86.116.3",1062630403
1,"62.159.202.234",1050659562
1,"61.5.87.53",1023760181
1,"58.68.52.50",977548338
1,"58.61.164.141",977118349
1,"38.111.147.86",644846422
1,"12.176.24.5",212867077
1,"12.54.217.34",204921122
